[
  {
    "id": 1,
    "title": "Agreement-Purchase",
    "type": "pdf",
    "url": "https://media-folder.ninjateam.org/media-folder-manager-for-wordpress/wp-content/uploads/sites/24/2025/10/Document-Library-Demo.pdf",
    "size": "108 KB",
    "folderId": 1,
    "lastModified": "2025-10-03"
  },
  {
    "id": 2,
    "title": "General-Information",
    "type": "docx",
    "url": "https://media-folder.ninjateam.org/media-folder-manager-for-wordpress/wp-content/uploads/sites/24/2025/10/General-Information.docx",
    "size": "109 KB",
    "folderId": 1,
    "lastModified": "2025-10-03"
  },
  {
    "id": 3,
    "title": "Video-Tutorial",
    "type": "mp4",
    "url": "https://media-folder.ninjateam.org/media-folder-manager-for-wordpress/wp-content/uploads/sites/24/2025/10/Video-Tutorial.mp4",
    "size": "1 MB",
    "folderId": 2,
    "lastModified": "2025-10-03"
  },
  {
    "id": 4,
    "title": "Impact Moderato",
    "type": "mp3",
    "url": "https://documentlibrary.barn2.com/wp-content/uploads/sites/26/2016/11/Corporate-Inspiration-Background-Short-2.mp3",
    "size": "746 KB",
    "folderId": 2,
    "lastModified": "2025-10-03"
  },
  {
    "id": 5,
    "title": "Outline",
    "type": "pdf",
    "url": "https://documentlibrary.barn2.com/wp-content/uploads/sites/26/2023/02/Sample-PDF.pdf",
    "size": "27 KB",
    "folderId": 3,
    "lastModified": "2025-10-03"
  },
  {
    "id": 6,
    "title": "Financial",
    "type": "xlsx",
    "url": "https://documentlibrary.barn2.com/wp-content/uploads/sites/26/2021/02/Sample-Excel.xlsx",
    "size": "81 KB",
    "folderId": 3,
    "lastModified": "2025-10-03"
  },
  {
    "id": 7,
    "title": "Document-Library-Demo",
    "type": "pdf",
    "url": "https://documentlibrary.barn2.com/wp-content/uploads/sites/26/2023/02/Sample-PDF.pdf",
    "size": "27 KB",
    "folderId": 4,
    "lastModified": "2025-10-10"
  },
  {
    "id": 8,
    "title": "FileBird Screenshot",
    "type": "png",
    "url": "https://media-folder.ninjateam.org/media-folder-manager-for-wordpress/wp-content/uploads/sites/24/2025/10/filebird-screenshot.png",
    "size": "68 KB",
    "folderId": 4,
    "lastModified": "2025-10-10"
  },
  {
    "id": 9,
    "title": "FileBird Screenshot",
    "type": "png",
    "url": "https://media-folder.ninjateam.org/media-folder-manager-for-wordpress/wp-content/uploads/sites/24/2025/10/filebird-screenshot.png",
    "size": "68 KB",
    "folderId": 4,
    "lastModified": "2025-10-10"
  },
  {
    "id": 10,
    "title": "FileBird Screenshot",
    "type": "png",
    "url": "https://media-folder.ninjateam.org/media-folder-manager-for-wordpress/wp-content/uploads/sites/24/2025/10/filebird-screenshot.png",
    "size": "68 KB",
    "folderId": 4,
    "lastModified": "2025-10-10"
  },
  {
    "id": 11,
    "title": "FileBird Screenshot",
    "type": "png",
    "url": "https://media-folder.ninjateam.org/media-folder-manager-for-wordpress/wp-content/uploads/sites/24/2025/10/filebird-screenshot.png",
    "size": "68 KB",
    "folderId": 4,
    "lastModified": "2025-10-10"
  },
  {
    "id": 12,
    "title": "FileBird Screenshot",
    "type": "png",
    "url": "https://media-folder.ninjateam.org/media-folder-manager-for-wordpress/wp-content/uploads/sites/24/2025/10/filebird-screenshot.png",
    "size": "68 KB",
    "folderId": 4,
    "lastModified": "2025-10-10"
  },
  {
    "id": 13,
    "title": "FileBird CSV",
    "type": "csv",
    "url": "src/assets/day.csv",
    "size": "68 KB",
    "folderId": 4,
    "lastModified": "2025-10-10"
  },
  {
    "id": 14,
    "title": "FileBird Json",
    "type": "json",
    "url": "https://filesamples.com/samples/code/json/sample1.json",
    "size": "68 KB",
    "folderId": 4,
    "lastModified": "2025-10-10"
  }
]